"1e+05","2e+05","3e+05","4e+05","5e+05","6e+05","7e+05","8e+05","9e+05","1e+06","1100000","1200000","1300000","1400000","1500000","1600000","1700000","1800000","1900000","2e+06"
"1",3.13728,3.1407,3.14421333333333,3.14135,3.142728,3.14436,3.14120571428571,3.14075,3.14370222222222,3.142944,3.14457090909091,3.13926,3.14281230769231,3.14154285714286,3.142112,3.1403075,3.14367529411765,3.14346666666667,3.13908421052632,3.139224
"2",3.13848,3.14558,3.13938666666667,3.14488,3.137048,3.14140666666667,3.14353714285714,3.141895,3.14147555555556,3.142028,3.14317090909091,3.14033,3.13985230769231,3.14069142857143,3.144176,3.1417275,3.14220235294118,3.13981111111111,3.14148421052632,3.140692
"3",3.14244,3.14914,3.13568,3.14417,3.139728,3.13878,3.14109714285714,3.14352,3.14203555555556,3.141656,3.14051636363636,3.14315,3.13948,3.1426,3.14298933333333,3.1422125,3.14141882352941,3.13982888888889,3.14273052631579,3.140896
"4",3.13864,3.14658,3.13934666666667,3.13848,3.139408,3.13958,3.14252,3.14084,3.14432888888889,3.14114,3.14275636363636,3.14003333333333,3.13992,3.13972,3.144136,3.1420125,3.14158588235294,3.14193111111111,3.14249052631579,3.140174
"5",3.13144,3.14202,3.14602666666667,3.14354,3.139576,3.13575333333333,3.14157142857143,3.14123,3.13864,3.141668,3.14311272727273,3.14193666666667,3.14459384615385,3.14295142857143,3.141784,3.143405,3.14146588235294,3.14115111111111,3.13994315789474,3.141896
"6",3.15248,3.1414,3.13841333333333,3.14004,3.146288,3.14222666666667,3.14564,3.139735,3.14147111111111,3.139624,3.14308363636364,3.13999666666667,3.14226769230769,3.14138571428571,3.13988266666667,3.139815,3.14222117647059,3.14105555555556,3.14093052631579,3.143366
"7",3.13836,3.14496,3.14718666666667,3.14279,3.142184,3.13892666666667,3.14389142857143,3.13847,3.14287111111111,3.140336,3.14464363636364,3.14187333333333,3.14285538461538,3.14109142857143,3.14078133333333,3.1415275,3.14224705882353,3.14302888888889,3.13957894736842,3.141772
"8",3.13884,3.1344,3.13329333333333,3.14381,3.139488,3.14494,3.14161142857143,3.14101,3.14229333333333,3.139032,3.14328727272727,3.14169666666667,3.14028307692308,3.14144857142857,3.13868266666667,3.1428425,3.14192941176471,3.14500888888889,3.14077684210526,3.141454
"9",3.1382,3.14104,3.14106666666667,3.14133,3.13876,3.14508,3.14283428571429,3.142105,3.14331555555556,3.142932,3.14046909090909,3.13947666666667,3.14121846153846,3.14299142857143,3.14161333333333,3.1413275,3.14202823529412,3.14266,3.14164210526316,3.1423
"10",3.1372,3.13466,3.1402,3.14906,3.141744,3.14122,3.14046285714286,3.140405,3.14088444444444,3.141384,3.14054181818182,3.14285666666667,3.14192923076923,3.14008285714286,3.14028266666667,3.1409475,3.14292941176471,3.14336222222222,3.14092210526316,3.141088
"11",3.1486,3.14474,3.1416,3.14331,3.138288,3.14294,3.14221714285714,3.138515,3.13796444444444,3.140636,3.14129454545455,3.14075,3.14149846153846,3.13974857142857,3.13993066666667,3.1427625,3.14232705882353,3.13938444444444,3.14305263157895,3.14086
"12",3.14048,3.14898,3.1464,3.14229,3.14012,3.14485333333333,3.14005142857143,3.13854,3.14074222222222,3.142488,3.14019636363636,3.14035333333333,3.14211076923077,3.14292,3.14204266666667,3.1412225,3.14222823529412,3.14218222222222,3.14141263157895,3.141434
"13",3.1386,3.13942,3.144,3.14015,3.141296,3.13854666666667,3.14010857142857,3.141105,3.14051555555556,3.140552,3.14516363636364,3.14299666666667,3.14036,3.14063428571429,3.14138133333333,3.14053,3.14291529411765,3.14304888888889,3.13995789473684,3.142096
"14",3.13264,3.14196,3.14076,3.14267,3.143264,3.13994666666667,3.14514857142857,3.140365,3.14037777777778,3.139864,3.14138181818182,3.13957,3.14032,3.14177428571429,3.142208,3.14287,3.14287529411765,3.14304444444444,3.14330736842105,3.142796
"15",3.13688,3.13758,3.14357333333333,3.13997,3.143688,3.14024666666667,3.13952,3.14291,3.14752888888889,3.139504,3.14311636363636,3.14119666666667,3.14336923076923,3.14168571428571,3.14330933333333,3.140935,3.14101882352941,3.14108,3.14056,3.140958
"16",3.13952,3.14118,3.13677333333333,3.1389,3.144264,3.14379333333333,3.14338857142857,3.142515,3.14125333333333,3.142192,3.14315636363636,3.14119333333333,3.14141538461538,3.14215142857143,3.14351466666667,3.1427925,3.14119058823529,3.14142,3.13923789473684,3.141164
"17",3.13804,3.13868,3.14198666666667,3.1443,3.141544,3.14216666666667,3.14318285714286,3.14348,3.14055555555556,3.141644,3.14195272727273,3.14148666666667,3.14163692307692,3.14397142857143,3.142184,3.139515,3.14393647058824,3.14176,3.14225894736842,3.141336
"18",3.14288,3.14878,3.13672,3.13981,3.139192,3.14671333333333,3.14513142857143,3.140765,3.13988444444444,3.14262,3.14293818181818,3.14268666666667,3.14229230769231,3.14304285714286,3.14411733333333,3.14165,3.1416,3.14072,3.13992631578947,3.141952
"19",3.12996,3.14218,3.13904,3.14268,3.140888,3.14375333333333,3.13974857142857,3.13907,3.14148444444444,3.140096,3.14063272727273,3.13996,3.14185230769231,3.14080285714286,3.14106133333333,3.14232,3.14214117647059,3.14098222222222,3.14428,3.14245
"20",3.14392,3.14002,3.14468,3.14482,3.137256,3.14419333333333,3.14113142857143,3.13949,3.14017777777778,3.141012,3.14132727272727,3.13983333333333,3.14089846153846,3.14157428571429,3.14469866666667,3.1411875,3.14048705882353,3.14215333333333,3.14145473684211,3.14068
"21",3.1428,3.13792,3.14490666666667,3.14433,3.142536,3.14104666666667,3.1418,3.142645,3.14128444444444,3.143548,3.14104,3.14059666666667,3.14237538461538,3.14136857142857,3.14256266666667,3.1423525,3.14333882352941,3.14257111111111,3.14083578947368,3.141314
"22",3.14156,3.14824,3.13869333333333,3.14835,3.1432,3.14042666666667,3.14129714285714,3.14144,3.14026666666667,3.141212,3.14004363636364,3.14016333333333,3.14294461538462,3.13997714285714,3.14359733333333,3.1403075,3.14091058823529,3.14362222222222,3.14206105263158,3.138558
"23",3.13584,3.14654,3.13972,3.14094,3.13648,3.14126,3.13888,3.141385,3.14008888888889,3.138524,3.13969454545455,3.14217,3.1422,3.14211714285714,3.141328,3.1418,3.14178588235294,3.14096,3.14057263157895,3.142526
"24",3.1324,3.14614,3.14482666666667,3.14046,3.14344,3.13942,3.14248571428571,3.140425,3.14638666666667,3.141716,3.14269454545455,3.13945333333333,3.14103076923077,3.1432,3.14031466666667,3.14031,3.14267294117647,3.14111111111111,3.14202736842105,3.140332
"25",3.14076,3.1459,3.1426,3.14471,3.142504,3.14057333333333,3.14154857142857,3.14107,3.14238666666667,3.138088,3.14285454545455,3.14090666666667,3.14233846153846,3.13896,3.13969866666667,3.141265,3.14124470588235,3.14138222222222,3.14082526315789,3.140468
"26",3.14528,3.14334,3.13822666666667,3.14021,3.138744,3.14116,3.14284571428571,3.141075,3.14158666666667,3.139108,3.13888363636364,3.14340666666667,3.14075076923077,3.14259428571429,3.14253066666667,3.1422325,3.14122588235294,3.14223777777778,3.14239789473684,3.143354
"27",3.14248,3.142,3.14,3.14555,3.141208,3.14524,3.14602857142857,3.13935,3.14334666666667,3.14426,3.14118181818182,3.14308,3.14270461538462,3.14051142857143,3.14146133333333,3.1399825,3.14167058823529,3.14153111111111,3.13984631578947,3.14133
"28",3.13596,3.1432,3.13986666666667,3.13812,3.140544,3.14494,3.14022285714286,3.14053,3.14335555555556,3.140632,3.14067272727273,3.13873,3.14179076923077,3.13994571428571,3.14355733333333,3.1420375,3.14148941176471,3.14170444444444,3.14027578947368,3.141128
"29",3.14076,3.13848,3.13672,3.14044,3.141104,3.1445,3.14200571428571,3.139835,3.14392444444444,3.141332,3.14136727272727,3.14094666666667,3.14173846153846,3.14209428571429,3.140912,3.142525,3.14094823529412,3.14331777777778,3.14251578947368,3.14128
"30",3.1394,3.14006,3.14354666666667,3.14367,3.141608,3.14022666666667,3.13844571428571,3.1438,3.14179111111111,3.141888,3.14008,3.14085333333333,3.14058461538462,3.14046285714286,3.14241066666667,3.143345,3.14224,3.14149333333333,3.14229052631579,3.141298
"31",3.13988,3.14348,3.14746666666667,3.14181,3.143096,3.14054,3.14097142857143,3.13882,3.13968888888889,3.138276,3.13985818181818,3.13926666666667,3.14042153846154,3.14058,3.14253333333333,3.1418675,3.14104470588235,3.14117333333333,3.14175578947368,3.13986
"32",3.14624,3.14886,3.13961333333333,3.13912,3.14144,3.14052666666667,3.14197142857143,3.13748,3.14046666666667,3.140344,3.14165818181818,3.14099,3.14206461538462,3.14176857142857,3.14387466666667,3.13946,3.14174823529412,3.13976222222222,3.14216631578947,3.141788
"33",3.14368,3.13416,3.14269333333333,3.13959,3.13924,3.14558666666667,3.14071428571429,3.14403,3.14113777777778,3.139384,3.14231636363636,3.14205333333333,3.14096923076923,3.14209428571429,3.140472,3.141395,3.14321176470588,3.14154444444444,3.14197052631579,3.14199
"34",3.13408,3.1376,3.13658666666667,3.14414,3.146376,3.14372666666667,3.14104,3.1389,3.14404,3.14244,3.14178909090909,3.14232,3.14063384615385,3.14243714285714,3.142192,3.139695,3.14245882352941,3.14207555555556,3.14072421052632,3.140604
"35",3.13472,3.1373,3.14084,3.14126,3.140864,3.14189333333333,3.14331428571429,3.140295,3.14392444444444,3.143024,3.14164,3.14184,3.13846461538462,3.14112,3.14146933333333,3.142235,3.14192705882353,3.14086444444444,3.14312421052632,3.142586
"36",3.13772,3.14406,3.14121333333333,3.14045,3.141504,3.14053333333333,3.14212571428571,3.13921,3.14140888888889,3.139916,3.14071272727273,3.14033333333333,3.13869538461538,3.14305142857143,3.14223466666667,3.142935,3.14121411764706,3.14240666666667,3.13979578947368,3.142096
"37",3.13708,3.14824,3.14053333333333,3.14075,3.142592,3.14236666666667,3.14598285714286,3.14058,3.14154666666667,3.142948,3.14148,3.14278333333333,3.14351692307692,3.14247714285714,3.14087733333333,3.1426875,3.14277176470588,3.14121111111111,3.14017473684211,3.140726
"38",3.14216,3.14138,3.13853333333333,3.13986,3.137816,3.14154666666667,3.14260571428571,3.139045,3.14093333333333,3.140908,3.14219636363636,3.14066333333333,3.14333846153846,3.14302285714286,3.141712,3.140305,3.14244235294118,3.14195777777778,3.14106736842105,3.139998
"39",3.1384,3.14774,3.14154666666667,3.14166,3.146056,3.14246666666667,3.14511428571429,3.140635,3.14232888888889,3.143804,3.14198545454545,3.13955,3.13926769230769,3.14266857142857,3.141856,3.1414375,3.14287058823529,3.14116222222222,3.14175789473684,3.140812
"40",3.1478,3.13964,3.14048,3.14304,3.137008,3.14212,3.14365142857143,3.136065,3.14032444444444,3.13772,3.14052363636364,3.14235,3.14184,3.14144571428571,3.142528,3.141505,3.14037411764706,3.14205111111111,3.14113263157895,3.141278
"41",3.1412,3.14618,3.13865333333333,3.14114,3.141552,3.14311333333333,3.13916,3.138735,3.14211111111111,3.139912,3.14221818181818,3.14020333333333,3.14246769230769,3.14392857142857,3.141752,3.1424975,3.14188470588235,3.14376444444444,3.13943157894737,3.141552
"42",3.13788,3.13648,3.13948,3.14403,3.140208,3.13939333333333,3.14361714285714,3.144075,3.14091555555556,3.141976,3.14338545454545,3.13852666666667,3.14332,3.14118,3.141288,3.14173,3.13967764705882,3.14007555555556,3.14047157894737,3.139908
"43",3.13348,3.14316,3.14286666666667,3.13977,3.1406,3.14389333333333,3.13894857142857,3.14053,3.14076,3.142528,3.13998909090909,3.14257666666667,3.14331692307692,3.13934285714286,3.140648,3.1424375,3.14374117647059,3.14066666666667,3.1402,3.141324
"44",3.158,3.14598,3.13909333333333,3.13893,3.140376,3.14063333333333,3.14250857142857,3.14206,3.13870666666667,3.138768,3.14432363636364,3.14217666666667,3.14201846153846,3.14277142857143,3.143048,3.140905,3.14259764705882,3.13989555555556,3.14432842105263,3.14113
"45",3.14672,3.13792,3.14152,3.14309,3.141248,3.14186,3.14300571428571,3.139385,3.14143555555556,3.141148,3.14141090909091,3.14455,3.14230153846154,3.14016571428571,3.14240266666667,3.14138,3.14203764705882,3.14219777777778,3.14145052631579,3.14204
"46",3.13528,3.14562,3.14330666666667,3.13832,3.141872,3.1437,3.14276571428571,3.14003,3.14105333333333,3.14068,3.14299272727273,3.14145,3.14202769230769,3.14055428571429,3.13937066666667,3.1394325,3.14023058823529,3.14180444444444,3.13985684210526,3.142212
"47",3.15232,3.1462,3.14076,3.14132,3.143248,3.14178,3.13794285714286,3.14016,3.13909333333333,3.14108,3.14354909090909,3.14050666666667,3.14308307692308,3.14246857142857,3.13927733333333,3.1411625,3.14275764705882,3.14169555555556,3.14139789473684,3.140712
"48",3.14272,3.13644,3.13625333333333,3.14209,3.142544,3.14365333333333,3.14137142857143,3.140805,3.14183555555556,3.139964,3.14237454545455,3.14376333333333,3.14089846153846,3.14238,3.14084,3.14303,3.14008705882353,3.13916666666667,3.14179789473684,3.14373
"49",3.15172,3.13754,3.14101333333333,3.14257,3.140568,3.14136666666667,3.14099428571429,3.143115,3.14036,3.140976,3.14098909090909,3.14314,3.14046769230769,3.13956571428571,3.14150666666667,3.13994,3.14069176470588,3.14175111111111,3.14292842105263,3.14108
"50",3.142,3.14196,3.13986666666667,3.14345,3.143856,3.14006,3.14305714285714,3.142075,3.14161333333333,3.138,3.14358545454545,3.14251666666667,3.14273538461538,3.13994571428571,3.138544,3.141845,3.13933411764706,3.14189555555556,3.14370736842105,3.14421
"51",3.14656,3.13704,3.13297333333333,3.14061,3.140456,3.14348666666667,3.13945142857143,3.140255,3.138,3.1415,3.14220727272727,3.14156333333333,3.14304615384615,3.14031428571429,3.139808,3.14238,3.14195058823529,3.14232222222222,3.14196631578947,3.14167
"52",3.13604,3.14368,3.13652,3.13775,3.142136,3.13922666666667,3.14105714285714,3.142555,3.14346666666667,3.142384,3.14117818181818,3.14181666666667,3.14076,3.14051142857143,3.140936,3.1419475,3.14079058823529,3.14208,3.14035368421053,3.140518
"53",3.13936,3.1491,3.13661333333333,3.1443,3.14296,3.14038666666667,3.14387428571429,3.139145,3.14226222222222,3.141736,3.14323272727273,3.14041666666667,3.13999384615385,3.14252285714286,3.14152533333333,3.14004,3.14260941176471,3.13961111111111,3.14039157894737,3.142154
"54",3.13848,3.14276,3.13998666666667,3.13742,3.140304,3.14012,3.13950285714286,3.141155,3.14158222222222,3.142744,3.14145818181818,3.13999333333333,3.14411384615385,3.14129714285714,3.140904,3.1397575,3.14181176470588,3.14258666666667,3.14148210526316,3.14062
"55",3.13676,3.14154,3.14302666666667,3.14208,3.139272,3.14349333333333,3.13866857142857,3.142425,3.14082666666667,3.142048,3.14448363636364,3.14178333333333,3.14588,3.14093428571429,3.140616,3.1418875,3.14151764705882,3.14327555555556,3.14205052631579,3.14025
"56",3.14856,3.1409,3.14613333333333,3.13583,3.140096,3.14051333333333,3.14119428571429,3.139835,3.13980444444444,3.143972,3.14222181818182,3.14282,3.14057538461538,3.14436571428571,3.143992,3.1427,3.14344,3.14115111111111,3.14237894736842,3.140976
"57",3.13968,3.13538,3.14033333333333,3.14013,3.140984,3.14096,3.13941714285714,3.140205,3.14167555555556,3.137444,3.14161090909091,3.13961666666667,3.14006153846154,3.13858571428571,3.14213866666667,3.1405975,3.14091058823529,3.14124444444444,3.1396,3.142786
"58",3.14604,3.13848,3.14182666666667,3.14162,3.144944,3.14164666666667,3.14092571428571,3.141415,3.14180888888889,3.140308,3.14314181818182,3.14276,3.14106769230769,3.14037428571429,3.142952,3.1407525,3.14030352941176,3.14151777777778,3.14336631578947,3.143576
"59",3.14112,3.14,3.14350666666667,3.13823,3.14188,3.13850666666667,3.14068571428571,3.14223,3.14119111111111,3.142096,3.14164,3.14102666666667,3.13996,3.14204285714286,3.14242933333333,3.1405375,3.14295058823529,3.14256222222222,3.13985894736842,3.142536
"60",3.14528,3.13912,3.13917333333333,3.14044,3.143464,3.1416,3.14429714285714,3.14141,3.13961777777778,3.139964,3.14218181818182,3.14634,3.14231384615385,3.14239714285714,3.14381066666667,3.13968,3.13978823529412,3.14160888888889,3.14189684210526,3.14169
"61",3.14212,3.13776,3.14181333333333,3.14215,3.138104,3.14182,3.13989142857143,3.14157,3.14187111111111,3.143792,3.14230909090909,3.14387,3.14218153846154,3.14258,3.142496,3.140395,3.1416,3.14329555555556,3.14268842105263,3.139978
"62",3.13104,3.1386,3.14273333333333,3.14082,3.141432,3.14127333333333,3.14302285714286,3.13966,3.14155111111111,3.1426,3.14234909090909,3.13829333333333,3.14110153846154,3.14307714285714,3.143728,3.14096,3.14203058823529,3.14116444444444,3.14048210526316,3.140462
"63",3.14464,3.1287,3.13933333333333,3.13813,3.139968,3.13938666666667,3.14107428571429,3.142935,3.14100888888889,3.14402,3.14036,3.14396333333333,3.14233230769231,3.14200857142857,3.14232,3.1415225,3.14200941176471,3.14322,3.14241684210526,3.14406
"64",3.14748,3.14408,3.14045333333333,3.1412,3.143496,3.14093333333333,3.14014285714286,3.138645,3.13956444444444,3.14018,3.14002181818182,3.1406,3.14280307692308,3.14158857142857,3.14435733333333,3.141095,3.14003529411765,3.14321333333333,3.14128,3.142296
"65",3.13932,3.14456,3.14698666666667,3.14449,3.14092,3.14294,3.14352,3.14115,3.14210666666667,3.141736,3.14156363636364,3.14027333333333,3.143,3.14357428571429,3.14299733333333,3.1411975,3.14157176470588,3.14077777777778,3.14268,3.143378
"66",3.14016,3.13626,3.13822666666667,3.13916,3.14312,3.1412,3.14066285714286,3.143735,3.14019555555556,3.138324,3.14176363636364,3.13954,3.14144,3.14347714285714,3.140992,3.14197,3.14131294117647,3.14219777777778,3.14046947368421,3.14014
"67",3.13808,3.14274,3.14328,3.14074,3.136496,3.14385333333333,3.14245714285714,3.140795,3.14452444444444,3.142912,3.14120363636364,3.14037666666667,3.14130153846154,3.14292571428571,3.140648,3.1409275,3.14113882352941,3.14037555555556,3.14016210526316,3.142726
"68",3.149,3.14448,3.13917333333333,3.1426,3.141904,3.14283333333333,3.14165714285714,3.143245,3.14332444444444,3.142796,3.14199272727273,3.14027,3.14061230769231,3.14095714285714,3.13994666666667,3.1400025,3.14124941176471,3.13965333333333,3.14158947368421,3.139494
"69",3.1364,3.1427,3.13842666666667,3.13886,3.142176,3.14166666666667,3.14503428571429,3.14342,3.13874666666667,3.140608,3.14231636363636,3.14000666666667,3.14252923076923,3.13879428571429,3.141872,3.1419525,3.14135294117647,3.14011333333333,3.14121263157895,3.140744
"70",3.12848,3.13724,3.14062666666667,3.14011,3.139112,3.13785333333333,3.14351428571429,3.14304,3.14294666666667,3.140392,3.13993090909091,3.14246,3.14119384615385,3.14031714285714,3.14246133333333,3.13966,3.14346117647059,3.14222888888889,3.14497263157895,3.140942
"71",3.13992,3.14408,3.14472,3.13955,3.141728,3.14688,3.13786857142857,3.14209,3.14242666666667,3.141816,3.14156363636364,3.13765333333333,3.14350769230769,3.14217142857143,3.14194933333333,3.1421675,3.13950352941176,3.14140888888889,3.14212421052632,3.143532
"72",3.13856,3.1389,3.14173333333333,3.13732,3.140544,3.13792666666667,3.13891428571429,3.13845,3.1418,3.140812,3.13942909090909,3.14162333333333,3.14491692307692,3.13975714285714,3.14084533333333,3.143785,3.14161176470588,3.14206888888889,3.14220210526316,3.142722
"73",3.14484,3.1442,3.14337333333333,3.14962,3.142928,3.14318,3.14270285714286,3.14301,3.14010222222222,3.143884,3.13992363636364,3.14151333333333,3.14176307692308,3.14417142857143,3.14130666666667,3.1420575,3.14206588235294,3.14169777777778,3.14238315789474,3.140632
"74",3.14052,3.14402,3.14382666666667,3.14401,3.141712,3.14260666666667,3.13949142857143,3.141625,3.14203111111111,3.138168,3.14435636363636,3.14253,3.14239076923077,3.14101428571429,3.13988266666667,3.1423,3.14256235294118,3.14016888888889,3.14228631578947,3.140798
"75",3.14564,3.14026,3.14652,3.1371,3.137168,3.14394,3.14381142857143,3.14228,3.13889777777778,3.138,3.14222545454545,3.13822333333333,3.14190769230769,3.14217714285714,3.14087466666667,3.142965,3.14279294117647,3.14408888888889,3.14152,3.140592
"76",3.13632,3.14374,3.13885333333333,3.13774,3.142544,3.14631333333333,3.14302285714286,3.142715,3.14252444444444,3.140572,3.14180363636364,3.14119,3.14251076923077,3.13840285714286,3.14367466666667,3.1411675,3.14035058823529,3.14341111111111,3.14146947368421,3.140132
"77",3.13196,3.13688,3.13848,3.14637,3.136552,3.14075333333333,3.14171428571429,3.14197,3.14276,3.141508,3.14182545454545,3.14303,3.13959384615385,3.14162857142857,3.14191733333333,3.1421525,3.14179294117647,3.14174222222222,3.14274736842105,3.141426
"78",3.1378,3.14002,3.13582666666667,3.14199,3.141816,3.14262666666667,3.14037714285714,3.144625,3.13907111111111,3.140112,3.14274909090909,3.13982,3.14305846153846,3.14144857142857,3.14185066666667,3.1416175,3.14266352941176,3.13997555555556,3.14053894736842,3.141124
"79",3.1392,3.13826,3.1374,3.14389,3.14364,3.13974666666667,3.14499428571429,3.142795,3.14229333333333,3.143168,3.14167272727273,3.14251,3.14329538461538,3.14232285714286,3.14230933333333,3.1431675,3.14291529411765,3.14107777777778,3.14138315789474,3.14188
"80",3.14372,3.14796,3.14128,3.14454,3.146768,3.14612666666667,3.13908,3.143705,3.14049777777778,3.139748,3.14254181818182,3.14245,3.14161846153846,3.14060571428571,3.141688,3.1424925,3.14190117647059,3.14241111111111,3.14113052631579,3.142124
"81",3.13492,3.14164,3.13932,3.14511,3.141888,3.13804666666667,3.13869714285714,3.138325,3.14078222222222,3.139496,3.14106909090909,3.14402,3.14088615384615,3.14010857142857,3.14129866666667,3.140775,3.14327294117647,3.14055777777778,3.14334315789474,3.14075
"82",3.15244,3.1465,3.14585333333333,3.14302,3.142272,3.14517333333333,3.14196571428571,3.14274,3.14154666666667,3.142372,3.14032363636364,3.14263,3.14408923076923,3.14432857142857,3.141664,3.14139,3.14259058823529,3.14088444444444,3.14297473684211,3.143632
"83",3.14356,3.1402,3.14174666666667,3.1354,3.143112,3.1432,3.14325714285714,3.1412,3.13919111111111,3.14148,3.13892363636364,3.14517333333333,3.14204307692308,3.14130857142857,3.141656,3.1436525,3.14256941176471,3.14172,3.14312210526316,3.142444
"84",3.14088,3.13926,3.14208,3.14422,3.141728,3.14591333333333,3.14213714285714,3.14335,3.14348444444444,3.14336,3.14079272727273,3.14075333333333,3.14338153846154,3.14006285714286,3.13982933333333,3.1404425,3.13908705882353,3.14149111111111,3.14300210526316,3.14138
"85",3.13888,3.1464,3.14317333333333,3.14098,3.143432,3.1476,3.14346857142857,3.14141,3.14284,3.143116,3.14082181818182,3.13742666666667,3.14231384615385,3.14297714285714,3.14210133333333,3.144665,3.14085176470588,3.13902,3.14138526315789,3.141704
"86",3.14684,3.14116,3.14170666666667,3.14205,3.142744,3.14041333333333,3.13933714285714,3.13733,3.14200444444444,3.142192,3.13885090909091,3.14453333333333,3.14457538461538,3.14190857142857,3.141488,3.14301,3.13859764705882,3.14086666666667,3.14277052631579,3.140178
"87",3.14356,3.14524,3.137,3.14336,3.141504,3.14042666666667,3.14093714285714,3.14364,3.14296,3.143532,3.13871636363636,3.1401,3.13957230769231,3.14006857142857,3.140368,3.142355,3.14156235294118,3.13992444444444,3.14115578947368,3.141058
"88",3.14248,3.1386,3.14109333333333,3.13953,3.141352,3.13964666666667,3.14232,3.1432,3.14315111111111,3.14158,3.14247636363636,3.14099,3.14475692307692,3.14109142857143,3.14269333333333,3.1408425,3.14129176470588,3.14123555555556,3.14314736842105,3.14332
"89",3.14992,3.14318,3.13777333333333,3.14402,3.134352,3.13802,3.13997142857143,3.14549,3.14269333333333,3.141692,3.13942181818182,3.13959333333333,3.14204,3.14100571428571,3.14277866666667,3.1419975,3.14223294117647,3.14431333333333,3.14053684210526,3.139364
"90",3.13988,3.143,3.14324,3.14033,3.143952,3.13961333333333,3.14047428571429,3.138335,3.13898222222222,3.141004,3.14022181818182,3.14228666666667,3.14197538461538,3.14140571428571,3.14410133333333,3.1424775,3.14084941176471,3.14288666666667,3.14317052631579,3.142346
"91",3.13828,3.13836,3.13941333333333,3.14249,3.139552,3.13934666666667,3.14083428571429,3.14345,3.1408,3.141036,3.14075636363636,3.13995666666667,3.14395692307692,3.14062857142857,3.14433333333333,3.1411875,3.14170352941176,3.14,3.14285052631579,3.140088
"92",3.13396,3.1443,3.1404,3.14032,3.143392,3.14739333333333,3.14153714285714,3.140435,3.14383111111111,3.138456,3.14188727272727,3.14162666666667,3.14291692307692,3.13928285714286,3.13865333333333,3.142135,3.14299529411765,3.14039333333333,3.14285894736842,3.141504
"93",3.1438,3.1406,3.14253333333333,3.14485,3.143056,3.1417,3.14456,3.14223,3.14003111111111,3.140888,3.14046545454545,3.14061,3.13891692307692,3.13916,3.14173066666667,3.1416025,3.14164,3.14100222222222,3.13999368421053,3.142362
"94",3.13944,3.1398,3.13978666666667,3.14046,3.140576,3.13931333333333,3.13998857142857,3.140375,3.14312,3.1392,3.14278545454545,3.14299333333333,3.1402,3.14216571428571,3.14301866666667,3.1413875,3.14106823529412,3.14157555555556,3.14277684210526,3.14389
"95",3.14484,3.14108,3.14210666666667,3.1408,3.142104,3.13823333333333,3.14151428571429,3.141035,3.1408,3.141148,3.14373090909091,3.14030333333333,3.14111076923077,3.14236857142857,3.141424,3.1430175,3.14155058823529,3.14310666666667,3.14087157894737,3.140822
"96",3.14416,3.14246,3.1476,3.14342,3.140944,3.14192666666667,3.14177142857143,3.139675,3.14191555555556,3.143964,3.14291272727273,3.14041333333333,3.14038461538462,3.14071714285714,3.14097333333333,3.14415,3.14039529411765,3.14236444444444,3.14296631578947,3.141392
"97",3.15336,3.13812,3.14524,3.13993,3.13872,3.14159333333333,3.13856,3.14131,3.14105333333333,3.142728,3.14358181818182,3.14243,3.14203692307692,3.14092,3.141752,3.1443775,3.14395058823529,3.14277111111111,3.14180842105263,3.140598
"98",3.14368,3.13758,3.14197333333333,3.13986,3.140984,3.14175333333333,3.13939428571429,3.14008,3.14130222222222,3.139976,3.14315272727273,3.14243,3.14126461538462,3.14417714285714,3.14259466666667,3.1420125,3.13974352941176,3.14131777777778,3.14314526315789,3.141252
"99",3.13704,3.14352,3.14112,3.13713,3.137416,3.13902666666667,3.14074285714286,3.143265,3.14193777777778,3.141724,3.1444,3.13936,3.14286153846154,3.14244857142857,3.14188,3.14167,3.13898823529412,3.14266444444444,3.14001052631579,3.140974
"100",3.143,3.14128,3.13901333333333,3.14277,3.13948,3.14216666666667,3.14164571428571,3.139475,3.14193777777778,3.142196,3.14018545454545,3.13704,3.14056615384615,3.14236285714286,3.14138133333333,3.1419925,3.14198588235294,3.14168888888889,3.14138736842105,3.141898
"101",3.14716,3.14476,3.13730666666667,3.14303,3.142104,3.14179333333333,3.14078285714286,3.14359,3.14023111111111,3.14526,3.13885090909091,3.142,3.14031076923077,3.14067142857143,3.14330666666667,3.141945,3.14206823529412,3.14102666666667,3.14145894736842,3.141146
"102",3.142,3.14056,3.14266666666667,3.14381,3.14256,3.13868,3.13985714285714,3.144035,3.13955111111111,3.140784,3.14106181818182,3.14057,3.14050153846154,3.14142,3.13877066666667,3.14066,3.14119764705882,3.13995111111111,3.14228,3.140964
"103",3.1426,3.14548,3.13805333333333,3.14184,3.140112,3.14333333333333,3.14081142857143,3.140585,3.1418,3.141256,3.14292727272727,3.13983333333333,3.14313538461538,3.14227714285714,3.14103466666667,3.14181,3.14099529411765,3.14201555555556,3.14139789473684,3.1404
"104",3.14104,3.14482,3.14166666666667,3.1442,3.143096,3.13853333333333,3.14226285714286,3.14346,3.14069777777778,3.140344,3.14194181818182,3.13960333333333,3.14078461538462,3.14303714285714,3.14129333333333,3.1423375,3.14084235294118,3.14378444444444,3.14396,3.141528
"105",3.14036,3.13622,3.14248,3.14121,3.143408,3.13956666666667,3.14173714285714,3.14238,3.13993333333333,3.14138,3.13856727272727,3.14032666666667,3.14101846153846,3.14109428571429,3.14217066666667,3.140575,3.13943764705882,3.14238888888889,3.14124,3.141224
"106",3.13588,3.13752,3.14596,3.14064,3.143064,3.14273333333333,3.13847428571429,3.13671,3.14187555555556,3.145352,3.14324363636364,3.13987,3.14207692307692,3.14066285714286,3.14266666666667,3.1426225,3.13904,3.14069555555556,3.14321473684211,3.141286
"107",3.13944,3.1412,3.13641333333333,3.14319,3.141296,3.14001333333333,3.14454285714286,3.142075,3.14155111111111,3.145016,3.14321818181818,3.14226666666667,3.14088307692308,3.14429714285714,3.14076,3.1420875,3.14261882352941,3.14100444444444,3.14283368421053,3.14466
"108",3.13476,3.13616,3.14148,3.14079,3.137688,3.13998666666667,3.14048,3.14422,3.14011111111111,3.140856,3.13890909090909,3.14362666666667,3.14527076923077,3.14176571428571,3.14030666666667,3.1424925,3.14121411764706,3.14016222222222,3.14287157894737,3.140818
"109",3.14864,3.14082,3.14225333333333,3.14219,3.14084,3.14124,3.14176571428571,3.14338,3.14380444444444,3.143392,3.14181090909091,3.14263,3.14283692307692,3.14187142857143,3.143,3.1414375,3.14157411764706,3.14069777777778,3.14112210526316,3.141974
"110",3.13228,3.14122,3.13888,3.13896,3.141728,3.1424,3.14035428571429,3.141195,3.14105333333333,3.14098,3.14213090909091,3.14485333333333,3.14076615384615,3.14101428571429,3.140904,3.1416325,3.14137882352941,3.14047111111111,3.14001894736842,3.14234
"111",3.14584,3.15044,3.13938666666667,3.14363,3.136792,3.14568666666667,3.13999428571429,3.143375,3.14115555555556,3.142124,3.14321090909091,3.13982,3.14288615384615,3.14090571428571,3.14290133333333,3.141405,3.13919529411765,3.14167555555556,3.14177894736842,3.140252
"112",3.14356,3.1332,3.14702666666667,3.14012,3.141568,3.14407333333333,3.14213142857143,3.140345,3.14339555555556,3.143196,3.14020727272727,3.14168,3.14040615384615,3.13865142857143,3.14081066666667,3.143845,3.141,3.13979333333333,3.14178526315789,3.142958
"113",3.14168,3.14404,3.13801333333333,3.14069,3.140536,3.14316666666667,3.14051428571429,3.14489,3.14311555555556,3.142924,3.13913818181818,3.14311666666667,3.1408,3.14128857142857,3.13854133333333,3.1402925,3.13961411764706,3.14194,3.14240631578947,3.14172
"114",3.13264,3.13918,3.14272,3.1411,3.143696,3.14006,3.14281714285714,3.140905,3.14112444444444,3.139788,3.14165454545455,3.14363,3.14277846153846,3.13939142857143,3.14189866666667,3.1415575,3.14159764705882,3.14375111111111,3.14103578947368,3.14145
"115",3.145,3.14172,3.14376,3.14281,3.14504,3.13952,3.14108,3.14472,3.14162222222222,3.139904,3.14082909090909,3.14293666666667,3.14038153846154,3.14036285714286,3.14073066666667,3.140065,3.14025647058824,3.14182222222222,3.14113684210526,3.142016
"116",3.14256,3.14244,3.14410666666667,3.14216,3.141352,3.14289333333333,3.14421714285714,3.13861,3.14285777777778,3.1403,3.14227272727273,3.14149333333333,3.14028615384615,3.14348857142857,3.14090666666667,3.14274,3.14228941176471,3.14191111111111,3.14331578947368,3.141542
"117",3.13604,3.13888,3.14330666666667,3.14008,3.141192,3.14584666666667,3.13824571428571,3.1393,3.14152888888889,3.14188,3.14145818181818,3.14466333333333,3.14197846153846,3.13918,3.14136266666667,3.13984,3.14199529411765,3.14307333333333,3.14258736842105,3.142218
"118",3.13996,3.1413,3.1404,3.13927,3.143496,3.14549333333333,3.13998857142857,3.14223,3.14249333333333,3.140236,3.13934909090909,3.14063,3.14270769230769,3.14111428571429,3.14054133333333,3.1434275,3.13912470588235,3.14056222222222,3.14159368421053,3.140248
"119",3.1434,3.14274,3.13948,3.14243,3.142112,3.14051333333333,3.13911428571429,3.14194,3.14193333333333,3.136728,3.14121090909091,3.14232333333333,3.14020615384615,3.13886285714286,3.14198666666667,3.142715,3.14152,3.14186666666667,3.14148421052632,3.143716
"120",3.1546,3.14512,3.14417333333333,3.14494,3.14296,3.14405333333333,3.14286857142857,3.142485,3.14168,3.139912,3.14029090909091,3.14042666666667,3.14166153846154,3.14238,3.14027466666667,3.14194,3.14127058823529,3.14199333333333,3.1424,3.141802
"121",3.14428,3.14156,3.13877333333333,3.13983,3.140552,3.14324666666667,3.14368,3.14341,3.14052444444444,3.143556,3.14288363636364,3.14007,3.14221846153846,3.14205428571429,3.14153066666667,3.13961,3.14432941176471,3.14296444444444,3.14209684210526,3.141398
"122",3.14508,3.14246,3.14049333333333,3.1412,3.143208,3.14256666666667,3.14378285714286,3.13884,3.14050666666667,3.139832,3.14204363636364,3.14201333333333,3.14165538461538,3.14185714285714,3.141584,3.14138,3.14153647058824,3.14209555555556,3.14219157894737,3.141086
"123",3.14672,3.14448,3.14033333333333,3.14383,3.14124,3.13858666666667,3.14391428571429,3.140185,3.14006666666667,3.138948,3.14074909090909,3.13975333333333,3.14249538461538,3.1425,3.13982933333333,3.1422825,3.14333176470588,3.13932666666667,3.14081052631579,3.141698
"124",3.15028,3.14302,3.13582666666667,3.14121,3.140368,3.14060666666667,3.14218285714286,3.14517,3.13793777777778,3.139844,3.14159636363636,3.14082333333333,3.14407076923077,3.14108,3.14191733333333,3.13934,3.14137647058824,3.14191555555556,3.14210526315789,3.141634
"125",3.13464,3.14378,3.13532,3.13478,3.1386,3.13978,3.14184571428571,3.143755,3.14231111111111,3.141812,3.14326909090909,3.14163,3.14072307692308,3.14007428571429,3.14342133333333,3.1421325,3.14218117647059,3.14226666666667,3.14408210526316,3.14083
"126",3.14452,3.13968,3.1394,3.14375,3.140376,3.13578666666667,3.1392,3.14209,3.13772444444444,3.141556,3.14186181818182,3.14195666666667,3.14362769230769,3.14097714285714,3.14272,3.1408925,3.13916,3.14266,3.14209263157895,3.140378
"127",3.14168,3.14172,3.14309333333333,3.14177,3.141072,3.14051333333333,3.14409142857143,3.13865,3.14077333333333,3.140372,3.14549818181818,3.14248666666667,3.14209230769231,3.14146285714286,3.141672,3.142115,3.14328705882353,3.14271111111111,3.14284421052632,3.143066
"128",3.13724,3.13908,3.14177333333333,3.14165,3.145352,3.13602,3.14182285714286,3.13995,3.14269333333333,3.143664,3.14085818181818,3.13997,3.14034769230769,3.14223428571429,3.142632,3.1413625,3.14112705882353,3.14316444444444,3.14207789473684,3.142892
"129",3.14972,3.1352,3.13992,3.13951,3.142728,3.14688,3.14165142857143,3.143025,3.13916444444444,3.14204,3.13908727272727,3.14249333333333,3.14271384615385,3.14115142857143,3.14110666666667,3.142755,3.14104941176471,3.14160888888889,3.14374526315789,3.140336
"130",3.14432,3.1428,3.14477333333333,3.13793,3.139552,3.14548666666667,3.13920571428571,3.139845,3.14282222222222,3.140736,3.13973818181818,3.13918,3.14430769230769,3.14152,3.14136266666667,3.1408125,3.14170352941176,3.14243555555556,3.13969894736842,3.143894
"131",3.13484,3.14804,3.1412,3.14269,3.139112,3.13858666666667,3.14376,3.142875,3.14296444444444,3.142388,3.14204,3.14169666666667,3.14145230769231,3.13785714285714,3.13975466666667,3.1411125,3.14214823529412,3.14376222222222,3.14065684210526,3.141778
"132",3.1418,3.14252,3.14004,3.14604,3.145152,3.13967333333333,3.14215428571429,3.141385,3.13946222222222,3.14208,3.14186909090909,3.14007666666667,3.14018153846154,3.14065428571429,3.14067466666667,3.1402625,3.14304,3.14028888888889,3.14274736842105,3.141936
"133",3.14304,3.14158,3.13856,3.13652,3.14176,3.1435,3.13853714285714,3.140655,3.14052888888889,3.1422,3.14140363636364,3.14201,3.14196615384615,3.14038857142857,3.14312,3.14127,3.13980470588235,3.14198,3.14297052631579,3.141366
"134",3.1424,3.14738,3.14222666666667,3.13894,3.138176,3.14204,3.14527428571429,3.14212,3.14358666666667,3.142396,3.14480363636364,3.14287666666667,3.14232307692308,3.13889714285714,3.13921066666667,3.143075,3.14413882352941,3.14185555555556,3.14128842105263,3.140744
"135",3.13904,3.1326,3.13812,3.14772,3.143496,3.14418666666667,3.14183428571429,3.143305,3.14081333333333,3.141628,3.14138181818182,3.13996333333333,3.14269846153846,3.13969714285714,3.14095466666667,3.1419175,3.14420235294118,3.14066444444444,3.14083368421053,3.141182
"136",3.14144,3.1432,3.1408,3.1401,3.139352,3.14338,3.13797714285714,3.14001,3.14143555555556,3.138232,3.13925454545455,3.14082,3.13980615384615,3.14175142857143,3.139896,3.1380325,3.1432,3.14133555555556,3.14104842105263,3.142176
"137",3.14844,3.1512,3.14729333333333,3.14069,3.14188,3.13976666666667,3.14011428571429,3.14286,3.14148,3.140684,3.14229090909091,3.14443666666667,3.14349538461538,3.14228571428571,3.14209333333333,3.1428575,3.14333882352941,3.14054888888889,3.14299578947368,3.141408
"138",3.14596,3.13968,3.13804,3.14016,3.142112,3.14536666666667,3.13772,3.14181,3.14267555555556,3.141484,3.14286181818182,3.14239333333333,3.14019076923077,3.14114,3.141016,3.1429875,3.13977647058824,3.14119555555556,3.14022736842105,3.140554
"139",3.13716,3.14544,3.13845333333333,3.14243,3.139032,3.14563333333333,3.14374857142857,3.14078,3.14014222222222,3.142276,3.14233454545455,3.14298333333333,3.14398461538462,3.14302,3.14362666666667,3.1416375,3.14102117647059,3.14379555555556,3.14156631578947,3.142534
"140",3.15188,3.1428,3.14082666666667,3.13926,3.141936,3.13930666666667,3.14512571428571,3.142715,3.14126222222222,3.140708,3.14285454545455,3.14145333333333,3.14168,3.13970571428571,3.14021066666667,3.1422775,3.14272235294118,3.14267777777778,3.14108,3.141636
"141",3.14336,3.13986,3.13958666666667,3.14577,3.145568,3.14189333333333,3.14376571428571,3.14036,3.14172444444444,3.139932,3.14266181818182,3.14203,3.14174153846154,3.14322571428571,3.13881333333333,3.14053,3.13831294117647,3.14185333333333,3.14370526315789,3.141458
"142",3.13744,3.1388,3.14310666666667,3.14099,3.142288,3.14691333333333,3.14252571428571,3.14329,3.14431555555556,3.140972,3.14300727272727,3.14032,3.14073538461538,3.14381714285714,3.14154933333333,3.1428825,3.14327294117647,3.14303555555556,3.14111789473684,3.142752
"143",3.14476,3.14294,3.14505333333333,3.14591,3.142776,3.13705333333333,3.14439428571429,3.14091,3.14152,3.138108,3.14151272727273,3.14083,3.14366461538462,3.14201428571429,3.14256533333333,3.1420575,3.14311294117647,3.13934,3.13896631578947,3.14227
"144",3.1438,3.14082,3.14653333333333,3.14366,3.142064,3.1452,3.14359428571429,3.14277,3.13857333333333,3.139292,3.13994909090909,3.13954,3.14221230769231,3.14219142857143,3.14229866666667,3.1406825,3.14238823529412,3.14138444444444,3.14290315789474,3.140562
"145",3.12736,3.14386,3.14165333333333,3.1446,3.141168,3.14212666666667,3.13858285714286,3.142115,3.14303555555556,3.139792,3.14189090909091,3.14298,3.13947692307692,3.14410285714286,3.13994933333333,3.142065,3.14235764705882,3.14215111111111,3.14269894736842,3.140734
"146",3.13652,3.13356,3.14324,3.14293,3.14428,3.14143333333333,3.13987428571429,3.140075,3.14303555555556,3.139516,3.13959636363636,3.14046,3.14143384615385,3.14141714285714,3.13964266666667,3.140515,3.142,3.14079111111111,3.14191368421053,3.140646
"147",3.14836,3.13888,3.14566666666667,3.13876,3.144152,3.14272,3.13945714285714,3.14302,3.14122666666667,3.140176,3.13872,3.14295333333333,3.14035692307692,3.13994571428571,3.14172533333333,3.14144,3.14187294117647,3.14180222222222,3.14178736842105,3.14213
"148",3.139,3.1413,3.14269333333333,3.14473,3.139048,3.13846666666667,3.14461714285714,3.140735,3.14111555555556,3.138996,3.14115272727273,3.14158666666667,3.14072923076923,3.14087714285714,3.14224,3.1410925,3.14092470588235,3.14149555555556,3.13804421052632,3.141488
"149",3.1332,3.14778,3.14053333333333,3.13806,3.140888,3.13758666666667,3.13770857142857,3.142735,3.14163111111111,3.137812,3.14205818181818,3.14219,3.14241538461538,3.14027714285714,3.14046666666667,3.14199,3.14299294117647,3.13994444444444,3.14136210526316,3.142494
"150",3.15008,3.1453,3.1474,3.13552,3.143624,3.13955333333333,3.14118857142857,3.143095,3.13977777777778,3.140548,3.14159636363636,3.14094,3.14389230769231,3.14105428571429,3.13925066666667,3.1409625,3.14120705882353,3.13960888888889,3.14181263157895,3.143898
"151",3.1392,3.14432,3.14145333333333,3.14114,3.138008,3.14168,3.14525142857143,3.14131,3.13982222222222,3.14278,3.14232363636364,3.13974666666667,3.14185230769231,3.14269428571429,3.143752,3.1412,3.14189882352941,3.14122888888889,3.14066526315789,3.139952
"152",3.14672,3.14572,3.14005333333333,3.14434,3.14432,3.14122,3.14015428571429,3.140715,3.14151111111111,3.13914,3.14288,3.14092666666667,3.14181230769231,3.14337714285714,3.13982933333333,3.14032,3.14133647058824,3.14412888888889,3.14272631578947,3.141682
"153",3.14372,3.1421,3.14008,3.14349,3.140632,3.14146,3.13830285714286,3.14048,3.14343111111111,3.142064,3.14072,3.13631333333333,3.14239692307692,3.14307142857143,3.14315733333333,3.14201,3.14216705882353,3.14047777777778,3.14280210526316,3.13976
"154",3.15044,3.143,3.14056,3.14547,3.140216,3.14012666666667,3.14347428571429,3.135065,3.14186222222222,3.142652,3.14156363636364,3.14287333333333,3.14077538461538,3.14382,3.14025333333333,3.1442175,3.14169882352941,3.13976444444444,3.14234105263158,3.141104
"155",3.1398,3.1352,3.14242666666667,3.14253,3.146376,3.14143333333333,3.13936,3.13916,3.14081777777778,3.142304,3.14222181818182,3.1418,3.14023384615385,3.14277428571429,3.142856,3.14099,3.14247294117647,3.14164666666667,3.14240210526316,3.141464
"156",3.13896,3.1431,3.13522666666667,3.13962,3.141776,3.13786666666667,3.14614857142857,3.142645,3.14083111111111,3.140644,3.14418545454545,3.14258333333333,3.14352923076923,3.14212857142857,3.14138933333333,3.142315,3.14277176470588,3.1412,3.14286526315789,3.142328
"157",3.14044,3.1376,3.14465333333333,3.14567,3.138032,3.14106666666667,3.14113714285714,3.141475,3.14197777777778,3.141432,3.14319272727273,3.14159,3.14324307692308,3.14276571428571,3.14133866666667,3.1416425,3.14137176470588,3.13942222222222,3.14026947368421,3.14247
"158",3.14952,3.13756,3.14330666666667,3.13864,3.14268,3.14344666666667,3.14243428571429,3.14309,3.14381777777778,3.142908,3.14188,3.14071,3.14122769230769,3.14278,3.14162933333333,3.140195,3.14200941176471,3.14110444444444,3.14142315789474,3.140624
"159",3.13444,3.14496,3.14249333333333,3.14351,3.142432,3.14394,3.14222857142857,3.14014,3.14144444444444,3.140756,3.14182545454545,3.14285333333333,3.14152923076923,3.14207714285714,3.14052,3.14242,3.14028,3.13973555555556,3.14188,3.141724
"160",3.14612,3.14246,3.14017333333333,3.14421,3.140736,3.14058666666667,3.14177142857143,3.1412,3.14293777777778,3.142396,3.14131272727273,3.14274,3.14164307692308,3.14155714285714,3.14044,3.142535,3.14220235294118,3.14285555555556,3.14219157894737,3.137244
"161",3.1378,3.1393,3.14496,3.14506,3.142288,3.14220666666667,3.1426,3.140485,3.14125777777778,3.143724,3.14081454545455,3.14091333333333,3.14290769230769,3.14132571428571,3.14092,3.14363,3.14396,3.1426,3.14068631578947,3.139346
"162",3.14468,3.14694,3.14293333333333,3.14204,3.139584,3.14196666666667,3.14191428571429,3.139515,3.13980444444444,3.14378,3.14129818181818,3.14127,3.14175076923077,3.13935428571429,3.13843733333333,3.1421875,3.14142117647059,3.14176666666667,3.14344210526316,3.142084
"163",3.14404,3.1418,3.14345333333333,3.14055,3.140824,3.14418666666667,3.14286857142857,3.141,3.14035111111111,3.140868,3.14148727272727,3.14071333333333,3.13865230769231,3.13938857142857,3.14089866666667,3.1409225,3.14646588235294,3.14140444444444,3.14332210526316,3.143208
"164",3.14196,3.14004,3.14097333333333,3.14261,3.145456,3.14114,3.14161714285714,3.14074,3.14108888888889,3.141328,3.1428,3.13969,3.14022153846154,3.14308857142857,3.138168,3.141725,3.14170823529412,3.14254,3.13906947368421,3.140428
"165",3.14388,3.13916,3.14193333333333,3.13981,3.140816,3.14208666666667,3.14076,3.14171,3.14041777777778,3.142776,3.14216,3.14156666666667,3.14237846153846,3.14107714285714,3.14223733333333,3.13975,3.14273176470588,3.14178888888889,3.14348421052632,3.141116
"166",3.13368,3.1381,3.14406666666667,3.14121,3.143496,3.14192,3.14113714285714,3.14402,3.14068,3.144128,3.14106545454545,3.14054333333333,3.14328307692308,3.14082857142857,3.141936,3.14434,3.14113176470588,3.14147333333333,3.14168,3.142632
"167",3.15216,3.1449,3.14322666666667,3.14274,3.144408,3.14102666666667,3.13974285714286,3.143305,3.14134222222222,3.139928,3.14073090909091,3.14161333333333,3.14125846153846,3.14315428571429,3.142272,3.142435,3.14228705882353,3.14211111111111,3.14065684210526,3.139388
"168",3.13492,3.13666,3.14190666666667,3.1369,3.1394,3.1408,3.14201142857143,3.14122,3.14087555555556,3.145028,3.14236727272727,3.14149,3.14279384615385,3.14074285714286,3.142704,3.14392,3.14026588235294,3.14104666666667,3.14283157894737,3.141172
"169",3.15248,3.14854,3.1456,3.13956,3.141968,3.14210666666667,3.14109714285714,3.140685,3.14086666666667,3.14032,3.13976727272727,3.14291333333333,3.14212307692308,3.14117714285714,3.14046933333333,3.141515,3.14048,3.14192,3.14031368421053,3.143742
"170",3.14808,3.14432,3.14282666666667,3.13777,3.140856,3.14127333333333,3.14087428571429,3.14126,3.14286666666667,3.142596,3.14211636363636,3.14332666666667,3.14067076923077,3.14103142857143,3.14275733333333,3.1437125,3.14283294117647,3.14041111111111,3.14239368421053,3.14179
"171",3.1424,3.136,3.14498666666667,3.13903,3.139408,3.13871333333333,3.14100571428571,3.14305,3.14217777777778,3.142672,3.14202181818182,3.14188,3.13874153846154,3.14231428571429,3.141336,3.140925,3.13858823529412,3.14132,3.14283157894737,3.143308
"172",3.14612,3.1419,3.14584,3.14071,3.142256,3.14224,3.14323428571429,3.13915,3.14144888888889,3.140632,3.14398181818182,3.14181,3.13800615384615,3.14297428571429,3.14170133333333,3.1413,3.14218823529412,3.14081777777778,3.14180421052632,3.140936
"173",3.14324,3.136,3.14010666666667,3.14002,3.144056,3.14244,3.14225714285714,3.141605,3.14084,3.141504,3.14303636363636,3.14177666666667,3.14083692307692,3.13968571428571,3.143304,3.139655,3.14139058823529,3.14070444444444,3.14272210526316,3.143372
"174",3.1454,3.13798,3.13913333333333,3.14239,3.142608,3.1411,3.14298857142857,3.14313,3.14133333333333,3.140456,3.14141818181818,3.13987333333333,3.14424307692308,3.13970857142857,3.141032,3.14253,3.14121176470588,3.14281777777778,3.13978315789474,3.141548
"175",3.14276,3.13916,3.14106666666667,3.14098,3.142344,3.14132666666667,3.13940571428571,3.139315,3.14102222222222,3.141756,3.14372,3.14254666666667,3.13900307692308,3.14148,3.14486666666667,3.14148,3.14086117647059,3.14173111111111,3.14021684210526,3.141436
"176",3.13976,3.13578,3.13777333333333,3.14254,3.142008,3.14679333333333,3.14049714285714,3.14452,3.14096888888889,3.14254,3.14025090909091,3.14439,3.14345230769231,3.14180285714286,3.14324533333333,3.1406,3.14450823529412,3.14103555555556,3.13997263157895,3.14142
"177",3.13076,3.1374,3.14409333333333,3.14188,3.144784,3.1426,3.14318857142857,3.139765,3.14335111111111,3.14342,3.14242181818182,3.14211,3.14183076923077,3.14209142857143,3.143768,3.14116,3.14247058823529,3.14150888888889,3.14335157894737,3.142188
"178",3.1344,3.1435,3.14424,3.14247,3.141936,3.14082666666667,3.13944,3.14435,3.13898222222222,3.141008,3.14263272727273,3.13974333333333,3.14091692307692,3.14201428571429,3.14350666666667,3.1411775,3.14113411764706,3.14178,3.14289894736842,3.140384
"179",3.1412,3.13838,3.14029333333333,3.13927,3.139016,3.14134666666667,3.13626285714286,3.14488,3.14295111111111,3.14072,3.14095272727273,3.14176333333333,3.14246461538462,3.14192285714286,3.14077333333333,3.1399875,3.14082352941176,3.14184444444444,3.14141473684211,3.140278
"180",3.14656,3.14316,3.14230666666667,3.13713,3.141248,3.14401333333333,3.14172571428571,3.144635,3.13708888888889,3.142788,3.14125454545455,3.14245,3.13817846153846,3.14255428571429,3.14078133333333,3.1415775,3.14072705882353,3.14205111111111,3.14272631578947,3.140126
"181",3.13788,3.14308,3.14422666666667,3.14444,3.137584,3.14087333333333,3.14017714285714,3.1409,3.14311111111111,3.141516,3.14225090909091,3.14380333333333,3.14226461538462,3.14158571428571,3.142816,3.141225,3.14299529411765,3.14118666666667,3.14207157894737,3.140406
"182",3.14,3.14366,3.14362666666667,3.14136,3.144112,3.13677333333333,3.13938285714286,3.14127,3.14051111111111,3.143624,3.14013090909091,3.14155,3.14156307692308,3.14083428571429,3.141872,3.143795,3.14179294117647,3.14103777777778,3.14390736842105,3.14163
"183",3.1442,3.13736,3.13742666666667,3.14343,3.143984,3.14458666666667,3.14341714285714,3.13962,3.14321777777778,3.143236,3.13992727272727,3.14290333333333,3.14213230769231,3.14128857142857,3.14271466666667,3.14224,3.14113882352941,3.14172222222222,3.14161473684211,3.14297
"184",3.13856,3.13946,3.142,3.14078,3.144184,3.14232,3.14448,3.14039,3.14255555555556,3.1413,3.14226909090909,3.13972,3.14174153846154,3.14246,3.14059733333333,3.141495,3.13866588235294,3.14185777777778,3.14262105263158,3.14206
"185",3.13396,3.1442,3.14537333333333,3.13922,3.142664,3.14348666666667,3.14117142857143,3.139235,3.14135555555556,3.14066,3.14050545454545,3.14351666666667,3.14116307692308,3.14372571428571,3.141024,3.1402775,3.14033882352941,3.14295333333333,3.14144,3.141148
"186",3.1432,3.14244,3.13998666666667,3.14352,3.145072,3.14487333333333,3.14142285714286,3.14147,3.14221333333333,3.140892,3.14049454545455,3.14426666666667,3.14180307692308,3.14201142857143,3.14117066666667,3.1425625,3.13943529411765,3.14082222222222,3.14166947368421,3.142024
"187",3.13328,3.14266,3.14425333333333,3.14129,3.147488,3.14084666666667,3.14362857142857,3.13666,3.13954666666667,3.141788,3.14178545454545,3.14292666666667,3.14059384615385,3.14026,3.14123733333333,3.1404925,3.14350588235294,3.13944888888889,3.14296631578947,3.141284
"188",3.13208,3.13804,3.14290666666667,3.14441,3.141304,3.14314666666667,3.14277714285714,3.14232,3.14462222222222,3.143864,3.14262909090909,3.14212666666667,3.14313846153846,3.13963714285714,3.14185066666667,3.139945,3.14278117647059,3.14182444444444,3.14282736842105,3.143082
"189",3.15312,3.1437,3.14196,3.1402,3.142144,3.14228666666667,3.13839428571429,3.141165,3.14080444444444,3.140332,3.14073818181818,3.13924666666667,3.14210153846154,3.14040285714286,3.139232,3.1425475,3.14252705882353,3.14027333333333,3.14099789473684,3.140448
"190",3.15036,3.14488,3.13534666666667,3.1372,3.139496,3.14328666666667,3.14380571428571,3.141095,3.14206222222222,3.142764,3.14303636363636,3.14208,3.14377538461538,3.14091714285714,3.142072,3.14125,3.13910352941176,3.14155777777778,3.14164631578947,3.140874
"191",3.14004,3.14474,3.13961333333333,3.13985,3.136216,3.14288666666667,3.13691428571429,3.14208,3.14228444444444,3.142832,3.14362909090909,3.14149666666667,3.14126153846154,3.14265142857143,3.14141866666667,3.140415,3.14198823529412,3.14113333333333,3.14295368421053,3.139626
"192",3.1316,3.13798,3.13990666666667,3.14163,3.14732,3.14051333333333,3.14005714285714,3.140695,3.13840444444444,3.141332,3.13911272727273,3.13809666666667,3.14076307692308,3.14396857142857,3.142008,3.138905,3.14276705882353,3.14053111111111,3.14246315789474,3.14093
"193",3.13924,3.14418,3.14006666666667,3.13912,3.142464,3.14425333333333,3.13753142857143,3.141475,3.13890666666667,3.139612,3.14177090909091,3.14299666666667,3.14230461538462,3.14034,3.14076,3.1436525,3.14101647058824,3.14286888888889,3.14000631578947,3.140992
"194",3.13252,3.13738,3.14741333333333,3.13874,3.143344,3.13814,3.14492571428571,3.139765,3.14584444444444,3.140164,3.14153818181818,3.14197,3.14377846153846,3.14127142857143,3.142288,3.1434475,3.14170117647059,3.14312,3.14010947368421,3.140126
"195",3.14188,3.14048,3.14509333333333,3.14555,3.1422,3.14176,3.14273714285714,3.14213,3.13977333333333,3.143096,3.14221454545455,3.13934,3.14108307692308,3.14345714285714,3.140688,3.1427525,3.14333176470588,3.14238666666667,3.14185894736842,3.14147
"196",3.15312,3.14124,3.14417333333333,3.14692,3.143592,3.13936,3.14348571428571,3.143715,3.13991111111111,3.139684,3.14022909090909,3.1435,3.14364,3.14105714285714,3.142688,3.1443275,3.14170352941176,3.14290444444444,3.14003157894737,3.140374
"197",3.14088,3.14372,3.14006666666667,3.14083,3.143088,3.14317333333333,3.13891428571429,3.14121,3.14089333333333,3.139868,3.13957090909091,3.13941,3.14176307692308,3.14442,3.141152,3.14222,3.14266352941176,3.14137777777778,3.14311789473684,3.143392
"198",3.14164,3.1433,3.14062666666667,3.14161,3.140472,3.13899333333333,3.14109142857143,3.142815,3.14027555555556,3.143412,3.14289090909091,3.14271666666667,3.14269538461538,3.14136285714286,3.14020533333333,3.142665,3.14212705882353,3.13945777777778,3.13993894736842,3.139428
"199",3.14196,3.13856,3.14716,3.13951,3.13732,3.14372666666667,3.14070857142857,3.14046,3.14344444444444,3.14172,3.14238181818182,3.14088333333333,3.14057538461538,3.14177142857143,3.14162933333333,3.141165,3.14227058823529,3.13892,3.14296631578947,3.142458
"200",3.1288,3.1341,3.14421333333333,3.14532,3.14152,3.1413,3.14245714285714,3.1419,3.14397777777778,3.140364,3.13988363636364,3.14168666666667,3.14053538461538,3.14208285714286,3.141368,3.1437225,3.14162588235294,3.13912444444444,3.14050947368421,3.141818
"201",3.13716,3.14246,3.14550666666667,3.13984,3.14204,3.13910666666667,3.14174285714286,3.141315,3.14051111111111,3.139428,3.14137454545455,3.14284,3.13822461538462,3.14004571428571,3.143552,3.1419425,3.14077882352941,3.14179111111111,3.14140842105263,3.144298
"202",3.14284,3.14574,3.13604,3.13847,3.14356,3.14263333333333,3.13886857142857,3.14152,3.14073777777778,3.140924,3.14234545454545,3.14357333333333,3.14277230769231,3.13956,3.14239466666667,3.14196,3.14312235294118,3.14076222222222,3.14212842105263,3.142768
"203",3.14468,3.13948,3.139,3.13586,3.143248,3.14,3.14213142857143,3.14151,3.14360444444444,3.141144,3.14215272727273,3.14524333333333,3.14051076923077,3.13881428571429,3.140416,3.141405,3.14178352941176,3.14282888888889,3.13927789473684,3.143462
"204",3.13544,3.13968,3.14256,3.14508,3.143632,3.14023333333333,3.14192571428571,3.14315,3.14042666666667,3.142404,3.14297090909091,3.14024666666667,3.14023384615385,3.14091714285714,3.14206933333333,3.14095,3.14376235294118,3.14271555555556,3.14101473684211,3.143358
"205",3.1418,3.141,3.14708,3.13966,3.137648,3.14232666666667,3.14325142857143,3.140655,3.14208,3.14446,3.14223272727273,3.14018333333333,3.14341538461538,3.14252571428571,3.143048,3.1407175,3.14442823529412,3.14266222222222,3.14433052631579,3.14108
"206",3.14804,3.14094,3.14304,3.14216,3.143888,3.13891333333333,3.14457142857143,3.14176,3.14164,3.141196,3.13871636363636,3.14110333333333,3.13913846153846,3.14270571428571,3.14342133333333,3.14093,3.14236470588235,3.14184222222222,3.14133894736842,3.139648
"207",3.13904,3.14498,3.14493333333333,3.14322,3.144152,3.14074666666667,3.14109142857143,3.141695,3.14003111111111,3.14374,3.14448363636364,3.14351,3.14226153846154,3.14352,3.14130933333333,3.14144,3.14091529411765,3.14219333333333,3.14245894736842,3.138878
"208",3.13596,3.13534,3.14332,3.14027,3.140528,3.13954666666667,3.13993714285714,3.14154,3.14171111111111,3.14154,3.14113454545455,3.14254333333333,3.14327384615385,3.14207714285714,3.144216,3.142485,3.14274352941176,3.14220444444444,3.14068421052632,3.140226
"209",3.14304,3.13398,3.13549333333333,3.14233,3.13976,3.14148666666667,3.13856571428571,3.140385,3.14231555555556,3.140896,3.14294545454545,3.14062,3.14252,3.14137142857143,3.14042133333333,3.1428825,3.14130352941176,3.14202222222222,3.14215578947368,3.139848
"210",3.14328,3.13816,3.14508,3.14157,3.1422,3.14316,3.14245714285714,3.141165,3.14276,3.141188,3.14091272727273,3.14359333333333,3.13994153846154,3.14065714285714,3.140672,3.141765,3.13967294117647,3.14286666666667,3.14231578947368,3.140484
"211",3.14244,3.14148,3.14794666666667,3.14336,3.14564,3.14134666666667,3.14082857142857,3.14107,3.14290222222222,3.140748,3.14601090909091,3.14137,3.14276307692308,3.14049714285714,3.13972266666667,3.142205,3.14146823529412,3.14171111111111,3.14267578947368,3.140928
"212",3.14024,3.14298,3.14381333333333,3.14251,3.14456,3.14242666666667,3.14232,3.141475,3.13838222222222,3.139284,3.14155636363636,3.14242,3.13805230769231,3.14147142857143,3.14274933333333,3.142285,3.14171294117647,3.14070222222222,3.14086315789474,3.142002
"213",3.14596,3.14046,3.14430666666667,3.14522,3.138032,3.14078,3.14425714285714,3.14036,3.14164888888889,3.143056,3.14160727272727,3.14454333333333,3.14305538461538,3.14316571428571,3.14178133333333,3.1407525,3.14261411764706,3.14213555555556,3.14186315789474,3.140046
"214",3.15016,3.1401,3.13972,3.14334,3.13944,3.13986,3.14049714285714,3.140955,3.14212888888889,3.143476,3.14440727272727,3.14248,3.14280615384615,3.14056571428571,3.142384,3.143155,3.14099764705882,3.13953333333333,3.14368421052632,3.142416
"215",3.1404,3.14642,3.1474,3.13789,3.143168,3.14205333333333,3.14216,3.14202,3.14037777777778,3.143616,3.14416727272727,3.14043,3.14078153846154,3.14020571428571,3.140512,3.1402575,3.1428,3.14051333333333,3.14071157894737,3.14114
"216",3.1438,3.139,3.14476,3.13946,3.143984,3.13868,3.14129714285714,3.140675,3.13865333333333,3.142112,3.13922909090909,3.14157333333333,3.14260307692308,3.14325714285714,3.14092,3.140295,3.141,3.14298888888889,3.14076,3.14218
"217",3.14444,3.14528,3.14453333333333,3.14254,3.13992,3.14177333333333,3.14374285714286,3.140365,3.14314666666667,3.140688,3.14297090909091,3.14100666666667,3.14207692307692,3.14092285714286,3.14320266666667,3.141045,3.14212235294118,3.14171333333333,3.14457052631579,3.14109
"218",3.1428,3.141,3.13634666666667,3.14162,3.143096,3.14422,3.13878857142857,3.14065,3.14179111111111,3.141792,3.13818181818182,3.14275666666667,3.14225230769231,3.13818,3.139736,3.1422775,3.14092,3.14363333333333,3.14167368421053,3.141194
"219",3.1464,3.1419,3.14742666666667,3.13573,3.140848,3.14836666666667,3.14188,3.1457,3.13966222222222,3.137976,3.14079272727273,3.13959666666667,3.14485846153846,3.14173428571429,3.14431733333333,3.14143,3.14364235294118,3.13954,3.14014736842105,3.141998
"220",3.14856,3.14266,3.14425333333333,3.1412,3.142976,3.14407333333333,3.14102857142857,3.14034,3.14086222222222,3.143056,3.13971272727273,3.14019666666667,3.14187692307692,3.14119714285714,3.14374933333333,3.13849,3.13922352941176,3.14198666666667,3.14037894736842,3.14043
"221",3.15068,3.1455,3.14404,3.14282,3.140592,3.1421,3.13694857142857,3.141375,3.14103111111111,3.142456,3.14093090909091,3.13946666666667,3.14064,3.13988,3.13942933333333,3.14381,3.14126588235294,3.13906,3.14159157894737,3.1413
"222",3.13752,3.13916,3.14606666666667,3.14049,3.140664,3.14285333333333,3.13986285714286,3.14137,3.14409777777778,3.141352,3.14051272727273,3.14137333333333,3.13905846153846,3.14338,3.14033866666667,3.14355,3.14237176470588,3.14039555555556,3.13970947368421,3.142214
"223",3.14576,3.14132,3.14206666666667,3.14265,3.138976,3.13982,3.13837142857143,3.139915,3.14340888888889,3.141672,3.14156727272727,3.14333333333333,3.14212923076923,3.14245428571429,3.14037866666667,3.14276,3.14363058823529,3.13954,3.14015157894737,3.141638
"224",3.15072,3.14392,3.14733333333333,3.13826,3.141544,3.13913333333333,3.13997714285714,3.141045,3.13692888888889,3.143228,3.14042545454545,3.14248,3.13981538461538,3.14094571428571,3.140984,3.1423225,3.14178352941176,3.14176888888889,3.14223789473684,3.141832
"225",3.14048,3.14322,3.14062666666667,3.14042,3.139896,3.14154,3.14200571428571,3.142655,3.14041333333333,3.1423,3.13814909090909,3.14337666666667,3.14199384615385,3.14123142857143,3.13732266666667,3.143405,3.14176470588235,3.13927555555556,3.14311789473684,3.140824
"226",3.13788,3.14452,3.13645333333333,3.14031,3.1438,3.13811333333333,3.14235428571429,3.143755,3.14162222222222,3.1404,3.13962181818182,3.14,3.14196,3.14156285714286,3.14177066666667,3.1409575,3.14219294117647,3.14206666666667,3.14101894736842,3.143584
"227",3.13092,3.1405,3.13561333333333,3.14535,3.141288,3.1417,3.14137142857143,3.140875,3.14063111111111,3.1394,3.14082909090909,3.14321,3.14062461538462,3.14445714285714,3.140856,3.1418375,3.14282117647059,3.14384888888889,3.14247368421053,3.13971
"228",3.1422,3.14108,3.14346666666667,3.14756,3.145192,3.14385333333333,3.14241142857143,3.139915,3.14264,3.141512,3.14087272727273,3.14093333333333,3.14018461538462,3.14372857142857,3.14204266666667,3.1420975,3.14399058823529,3.14062222222222,3.14189052631579,3.143416
"229",3.13964,3.1436,3.14153333333333,3.14424,3.142704,3.14334,3.14368571428571,3.142735,3.141,3.141952,3.13917454545455,3.13840666666667,3.14235384615385,3.14064285714286,3.14184,3.1432675,3.14237647058824,3.14099333333333,3.14196,3.141782
"230",3.1408,3.14084,3.14285333333333,3.13976,3.144352,3.13747333333333,3.14084,3.14418,3.14140888888889,3.144108,3.14288727272727,3.14228333333333,3.14090461538462,3.14085428571429,3.13869866666667,3.14091,3.13974352941176,3.13928222222222,3.14132,3.141846
"231",3.14664,3.1426,3.13998666666667,3.14146,3.140824,3.13988666666667,3.13865142857143,3.14114,3.14184888888889,3.143452,3.14298909090909,3.14057666666667,3.14416,3.14057714285714,3.140704,3.1427,3.14253411764706,3.13975111111111,3.14169263157895,3.142944
"232",3.14408,3.1358,3.13881333333333,3.13929,3.139184,3.14054666666667,3.14102285714286,3.14227,3.13950222222222,3.138628,3.14082545454545,3.14302666666667,3.14141230769231,3.14343714285714,3.14180533333333,3.1402825,3.14161411764706,3.14035111111111,3.14142315789474,3.14228
"233",3.13908,3.13984,3.13781333333333,3.14196,3.142576,3.14557333333333,3.14149714285714,3.13939,3.14128,3.141896,3.14204727272727,3.14230666666667,3.14416923076923,3.14088857142857,3.14151466666667,3.1431575,3.14141176470588,3.14154888888889,3.14127578947368,3.141844
"234",3.14208,3.14326,3.1424,3.1416,3.141856,3.14479333333333,3.14483428571429,3.142555,3.14170222222222,3.140284,3.14002909090909,3.14351333333333,3.14213538461538,3.14014285714286,3.14129333333333,3.139265,3.14307529411765,3.14324888888889,3.14121894736842,3.140488
"235",3.14096,3.13656,3.14190666666667,3.13752,3.143224,3.13768666666667,3.14078285714286,3.142665,3.14028,3.14402,3.14089818181818,3.14180333333333,3.14222769230769,3.14208,3.139056,3.1427225,3.14209411764706,3.14304888888889,3.14189052631579,3.142608
"236",3.13924,3.14634,3.14337333333333,3.13401,3.147016,3.13706,3.14532,3.140655,3.13999555555556,3.142628,3.14354181818182,3.14167333333333,3.14332307692308,3.14279428571429,3.1428,3.1427425,3.14177176470588,3.14185333333333,3.14147578947368,3.142126
"237",3.14428,3.13728,3.14017333333333,3.14024,3.143848,3.1432,3.14625714285714,3.1405,3.14373777777778,3.138804,3.14245454545455,3.14097333333333,3.14022153846154,3.14392571428571,3.140912,3.1415375,3.14164705882353,3.14208444444444,3.14163157894737,3.141054
"238",3.14472,3.14314,3.14257333333333,3.14532,3.141792,3.13928,3.14154285714286,3.1427,3.142,3.144164,3.14194909090909,3.13994333333333,3.14173230769231,3.14378285714286,3.14194666666667,3.1402225,3.14232235294118,3.14259111111111,3.14029263157895,3.141884
"239",3.13428,3.14118,3.13848,3.14397,3.141368,3.13928,3.14189714285714,3.14201,3.14365333333333,3.137664,3.14084,3.14481666666667,3.14252615384615,3.14200285714286,3.140592,3.1411975,3.14258352941176,3.14187333333333,3.14394105263158,3.141394
"240",3.13408,3.13944,3.14213333333333,3.14618,3.141032,3.13696666666667,3.13849714285714,3.14179,3.14092,3.141852,3.14286545454545,3.14082333333333,3.14129538461538,3.13937714285714,3.14128,3.14233,3.14021647058824,3.14270222222222,3.14279578947368,3.14132
"241",3.1524,3.14636,3.13953333333333,3.14313,3.14488,3.13795333333333,3.14052571428571,3.13842,3.14072888888889,3.142184,3.14079636363636,3.14256333333333,3.14261230769231,3.14279142857143,3.14206133333333,3.138445,3.139,3.1413,3.14215157894737,3.14224
"242",3.13476,3.14648,3.14112,3.14233,3.139176,3.14197333333333,3.14376571428571,3.140665,3.13977333333333,3.141712,3.14136,3.13834666666667,3.14148615384615,3.14424857142857,3.141416,3.141445,3.14127294117647,3.14147333333333,3.14129052631579,3.142386
"243",3.1454,3.14112,3.14074666666667,3.14382,3.140088,3.14255333333333,3.14062285714286,3.14294,3.14216888888889,3.138264,3.14327636363636,3.14144333333333,3.14285538461538,3.14231428571429,3.142456,3.1404725,3.14183529411765,3.14156,3.14138736842105,3.141806
"244",3.14588,3.1385,3.14234666666667,3.14389,3.140696,3.14363333333333,3.13888,3.1421,3.14262666666667,3.141832,3.14099272727273,3.14204666666667,3.14116,3.14174857142857,3.144352,3.14037,3.14377176470588,3.14272222222222,3.14073263157895,3.141862
"245",3.13216,3.1426,3.13722666666667,3.13692,3.140864,3.14298,3.14336,3.14203,3.14033333333333,3.141532,3.14277090909091,3.14011,3.14186461538462,3.14309142857143,3.142624,3.14176,3.14064941176471,3.14042,3.14306315789474,3.1415
"246",3.14024,3.14046,3.14033333333333,3.138,3.141416,3.14284666666667,3.14082285714286,3.14401,3.14249333333333,3.138896,3.14188,3.14257333333333,3.14338769230769,3.14072857142857,3.140792,3.1403475,3.14028,3.14213777777778,3.14023578947368,3.140444
"247",3.13848,3.15222,3.14590666666667,3.13829,3.142776,3.1422,3.14373714285714,3.137955,3.14149333333333,3.140252,3.14159272727273,3.14207333333333,3.14237846153846,3.14482857142857,3.14207466666667,3.1417375,3.14094588235294,3.14002222222222,3.14268,3.140682
"248",3.14256,3.1418,3.13844,3.14084,3.144584,3.14282666666667,3.13951428571429,3.13928,3.14214222222222,3.142256,3.14129454545455,3.14463333333333,3.13992615384615,3.14110857142857,3.14130666666667,3.142175,3.14223764705882,3.14232222222222,3.14105473684211,3.142458
"249",3.15692,3.14006,3.14057333333333,3.13915,3.14136,3.14058,3.14276,3.142725,3.14293333333333,3.142392,3.14243636363636,3.14074666666667,3.14275384615385,3.14087428571429,3.14161333333333,3.1407025,3.13984941176471,3.14142888888889,3.14328210526316,3.13999
"250",3.14304,3.1414,3.13577333333333,3.14015,3.138192,3.14096,3.14214857142857,3.143875,3.14478666666667,3.140312,3.14132727272727,3.14323333333333,3.14340615384615,3.14035428571429,3.14191466666667,3.1406275,3.14037647058824,3.14135555555556,3.14135578947368,3.14293
"251",3.14412,3.14414,3.14057333333333,3.14365,3.140328,3.13708,3.14236,3.139515,3.1406,3.140744,3.14398909090909,3.14099,3.13920615384615,3.13969142857143,3.14026933333333,3.1387225,3.13993176470588,3.14105111111111,3.14106526315789,3.142088
"252",3.15176,3.1417,3.14098666666667,3.14044,3.140784,3.14254666666667,3.13799428571429,3.13976,3.14168444444444,3.142896,3.14156727272727,3.14351333333333,3.14198461538462,3.14135714285714,3.142048,3.1421825,3.14096235294118,3.14006222222222,3.14197684210526,3.139738
"253",3.1496,3.14692,3.14222666666667,3.14022,3.140888,3.13828,3.14299428571429,3.14289,3.13932444444444,3.140852,3.14072727272727,3.14010333333333,3.14274769230769,3.14114857142857,3.144104,3.1414325,3.14107058823529,3.14076222222222,3.14228631578947,3.140814
"254",3.14324,3.14012,3.14146666666667,3.14332,3.142192,3.13663333333333,3.14252571428571,3.14319,3.14362666666667,3.140432,3.14071636363636,3.14128666666667,3.14140307692308,3.14218857142857,3.14098933333333,3.14158,3.14261647058824,3.14193555555556,3.14311368421053,3.141636
"255",3.13484,3.1435,3.14425333333333,3.14089,3.13904,3.1435,3.14418857142857,3.141085,3.13995111111111,3.142772,3.14067636363636,3.14357,3.14168615384615,3.14220571428571,3.14342666666667,3.1420075,3.14308941176471,3.14110222222222,3.14061684210526,3.14207
"256",3.13728,3.1416,3.14057333333333,3.14327,3.139584,3.14236,3.13890285714286,3.13979,3.14263555555556,3.141588,3.14193818181818,3.14081666666667,3.14116307692308,3.14440571428571,3.14245066666667,3.14222,3.14099294117647,3.14069333333333,3.14270315789474,3.141046
"257",3.1534,3.14574,3.14276,3.14399,3.141592,3.1398,3.14174857142857,3.143355,3.14393333333333,3.14244,3.14084,3.14258666666667,3.14200923076923,3.14103714285714,3.139624,3.1428625,3.14384705882353,3.14065111111111,3.14053473684211,3.141506
"258",3.1446,3.14524,3.14184,3.13977,3.138112,3.13940666666667,3.13978285714286,3.143185,3.14353333333333,3.139736,3.14512,3.14020333333333,3.14425538461538,3.13967142857143,3.14050933333333,3.14019,3.14241411764706,3.14015777777778,3.14252,3.141634
"259",3.14232,3.14062,3.13972,3.14014,3.139832,3.14027333333333,3.14214857142857,3.13928,3.14050222222222,3.144136,3.13914909090909,3.14154,3.14069538461538,3.14193428571429,3.139472,3.143275,3.14080705882353,3.14171555555556,3.14200631578947,3.141672
"260",3.146,3.14464,3.13996,3.13848,3.141488,3.14201333333333,3.14136,3.140155,3.14436,3.140144,3.14061090909091,3.14105,3.14281538461538,3.14016571428571,3.141808,3.14257,3.13976705882353,3.13947111111111,3.14119789473684,3.14096
"261",3.137,3.1469,3.13910666666667,3.13926,3.139664,3.14042,3.14280571428571,3.144645,3.14042666666667,3.142548,3.14117090909091,3.14019,3.14290769230769,3.14158571428571,3.14112,3.14371,3.14148470588235,3.14261555555556,3.13997473684211,3.141494
"262",3.13856,3.14186,3.14157333333333,3.13831,3.141328,3.14124666666667,3.14041714285714,3.141205,3.14235111111111,3.14226,3.14033454545455,3.14092333333333,3.13981538461538,3.14446571428571,3.140376,3.1420175,3.14481882352941,3.14245333333333,3.14159578947368,3.142436
"263",3.13404,3.14194,3.14457333333333,3.14216,3.139728,3.14276,3.14020571428571,3.14246,3.14374222222222,3.139712,3.14289454545455,3.14264666666667,3.14086461538462,3.14036857142857,3.14194666666667,3.1407525,3.14148,3.14181333333333,3.13964,3.141778
"264",3.13988,3.14574,3.14190666666667,3.14103,3.144144,3.14157333333333,3.13589142857143,3.142115,3.13995555555556,3.141764,3.14101090909091,3.14088666666667,3.14113538461538,3.14243428571429,3.14158133333333,3.143395,3.14001411764706,3.1424,3.14186315789474,3.14246
"265",3.132,3.14076,3.13901333333333,3.1429,3.141488,3.13964,3.14036571428571,3.140645,3.14155555555556,3.14198,3.14266545454545,3.14079666666667,3.14057538461538,3.14196571428571,3.141944,3.14019,3.14241882352941,3.14200888888889,3.14097263157895,3.140608
"266",3.13896,3.13632,3.1386,3.14023,3.142128,3.13895333333333,3.14238285714286,3.138795,3.1408,3.140652,3.13947272727273,3.14233,3.14112615384615,3.14126285714286,3.14029333333333,3.140935,3.14076705882353,3.14167333333333,3.14103157894737,3.142266
"267",3.1428,3.13762,3.14533333333333,3.1398,3.140896,3.14399333333333,3.14152,3.143025,3.14043111111111,3.141776,3.13974181818182,3.14182333333333,3.14038461538462,3.14084,3.14095466666667,3.1434525,3.14159294117647,3.1402,3.14335578947368,3.140608
"268",3.13864,3.13708,3.14222666666667,3.13891,3.14472,3.14378,3.14138285714286,3.146145,3.14081777777778,3.141236,3.14263272727273,3.14265333333333,3.14017846153846,3.13966,3.14173066666667,3.1430175,3.14153411764706,3.14420888888889,3.14183578947368,3.14272
"269",3.14504,3.14404,3.13942666666667,3.14114,3.139712,3.14518666666667,3.14282285714286,3.139875,3.14212,3.141892,3.13904,3.14030666666667,3.14145846153846,3.14214285714286,3.14025866666667,3.140175,3.14160705882353,3.13976888888889,3.14409473684211,3.141546
"270",3.149,3.14112,3.14196,3.14302,3.141552,3.14029333333333,3.13741142857143,3.140575,3.14230666666667,3.144864,3.14078545454545,3.14078333333333,3.13944615384615,3.14326857142857,3.141152,3.141,3.14134588235294,3.14243111111111,3.14209263157895,3.14213
"271",3.12468,3.13764,3.1424,3.146,3.142096,3.14182666666667,3.13985142857143,3.13972,3.14057777777778,3.141336,3.14184727272727,3.14150333333333,3.14104615384615,3.14077142857143,3.14216,3.140045,3.14366823529412,3.14297555555556,3.14097263157895,3.141154
"272",3.1474,3.14638,3.14402666666667,3.1423,3.141904,3.1442,3.14170857142857,3.142815,3.13972,3.139568,3.14160363636364,3.14204333333333,3.14122461538462,3.14358,3.14222666666667,3.1406925,3.14126823529412,3.1418,3.14043578947368,3.142708
"273",3.1512,3.13872,3.1394,3.14459,3.143536,3.14170666666667,3.13916571428571,3.1409,3.14044,3.141904,3.14288363636364,3.14253666666667,3.14293846153846,3.14173714285714,3.142096,3.1421,3.14236,3.14110222222222,3.14463578947368,3.141568
"274",3.14556,3.14088,3.14372,3.14346,3.139928,3.14113333333333,3.14434285714286,3.14285,3.14072888888889,3.141704,3.14146181818182,3.13856333333333,3.14188615384615,3.14206,3.14182666666667,3.1445625,3.14036705882353,3.14010666666667,3.14238736842105,3.14134
"275",3.14076,3.14144,3.14512,3.14053,3.141424,3.13995333333333,3.14258285714286,3.13957,3.14047111111111,3.14112,3.13982181818182,3.14326666666667,3.13881538461538,3.14166571428571,3.14070666666667,3.1419625,3.14251294117647,3.14022666666667,3.14056,3.141716
"276",3.14276,3.13604,3.14274666666667,3.14168,3.1404,3.13906666666667,3.13861142857143,3.14311,3.14233777777778,3.142108,3.14012363636364,3.13987666666667,3.14181846153846,3.14115428571429,3.14178666666667,3.140325,3.14197882352941,3.14071555555556,3.14120631578947,3.142424
"277",3.15168,3.14184,3.14169333333333,3.14121,3.140728,3.14222666666667,3.14301142857143,3.140555,3.14157777777778,3.142284,3.13964363636364,3.14131,3.14265538461538,3.14031142857143,3.14260266666667,3.141405,3.14030823529412,3.13986666666667,3.14079157894737,3.14138
"278",3.14752,3.13512,3.14514666666667,3.14146,3.141488,3.14033333333333,3.13785142857143,3.14106,3.14047555555556,3.14164,3.14162181818182,3.14158666666667,3.14198153846154,3.14277428571429,3.14145066666667,3.1420625,3.14105176470588,3.14062222222222,3.14160210526316,3.142342
"279",3.13964,3.13586,3.14046666666667,3.14189,3.141976,3.1404,3.14228571428571,3.14282,3.14172444444444,3.140996,3.14093818181818,3.14068,3.14396923076923,3.14096857142857,3.14329333333333,3.1431625,3.14196941176471,3.14161777777778,3.14329684210526,3.143444
"280",3.1452,3.1414,3.14062666666667,3.14568,3.141776,3.14016,3.13801714285714,3.140925,3.13836,3.14224,3.14222545454545,3.13824,3.14027384615385,3.14220857142857,3.14096533333333,3.14405,3.13990823529412,3.14151777777778,3.14132210526316,3.141628
"281",3.13588,3.14506,3.14165333333333,3.14467,3.140528,3.14210666666667,3.14557142857143,3.14147,3.14304,3.14488,3.13950545454545,3.14107,3.14409230769231,3.14197142857143,3.14098666666667,3.142065,3.13996705882353,3.14181555555556,3.14164,3.142214
"282",3.1406,3.14096,3.13796,3.14355,3.145304,3.14371333333333,3.14397142857143,3.139485,3.14286222222222,3.139216,3.14059272727273,3.14168333333333,3.14107384615385,3.14219428571429,3.144944,3.142725,3.14102352941176,3.14055555555556,3.14125263157895,3.142688
"283",3.14088,3.1466,3.14462666666667,3.14404,3.144616,3.142,3.14214857142857,3.13966,3.14312888888889,3.141376,3.13866545454545,3.14386333333333,3.13816615384615,3.14201714285714,3.142024,3.1421175,3.14132470588235,3.13894666666667,3.14217684210526,3.142042
"284",3.13792,3.1379,3.14457333333333,3.13824,3.142728,3.14542666666667,3.13870285714286,3.14425,3.14025333333333,3.1443,3.14226909090909,3.14022333333333,3.14092615384615,3.14120857142857,3.14286933333333,3.14398,3.14294352941176,3.14154888888889,3.14404,3.144214
"285",3.14568,3.14844,3.14474666666667,3.14108,3.13976,3.14389333333333,3.14025142857143,3.1433,3.14084444444444,3.142092,3.14226545454545,3.14111333333333,3.14428615384615,3.14234285714286,3.142376,3.1414875,3.14407529411765,3.14104222222222,3.14356210526316,3.144158
"286",3.14336,3.14392,3.14265333333333,3.13805,3.140408,3.14111333333333,3.14225714285714,3.139255,3.13862222222222,3.1421,3.14297454545455,3.14037,3.14263384615385,3.14249428571429,3.14418933333333,3.14131,3.14060705882353,3.1427,3.14090736842105,3.139276
"287",3.14844,3.14166,3.14308,3.14225,3.141528,3.14177333333333,3.14492571428571,3.14516,3.14111555555556,3.138772,3.14372363636364,3.14084333333333,3.14128923076923,3.14153714285714,3.14122933333333,3.1408475,3.14064,3.13957555555556,3.14193684210526,3.142846
"288",3.14044,3.14772,3.13837333333333,3.14306,3.142472,3.14219333333333,3.14377714285714,3.141525,3.14421777777778,3.144576,3.14323272727273,3.14302333333333,3.13938153846154,3.14198571428571,3.14002933333333,3.143585,3.14135764705882,3.14271777777778,3.14101684210526,3.14178
"289",3.1494,3.14292,3.14117333333333,3.14212,3.13856,3.14190666666667,3.14350857142857,3.14179,3.14070222222222,3.143856,3.14022545454545,3.14117,3.14244307692308,3.14198,3.14260533333333,3.1393225,3.14077411764706,3.14182222222222,3.14090736842105,3.141042
"290",3.1412,3.1445,3.13762666666667,3.14233,3.14048,3.14018,3.14150857142857,3.141215,3.14026222222222,3.142576,3.14261454545455,3.14164666666667,3.14201230769231,3.14206571428571,3.14066666666667,3.14395,3.13985647058824,3.14155111111111,3.14194736842105,3.143468
"291",3.1472,3.14002,3.13989333333333,3.1435,3.140216,3.1458,3.14346285714286,3.143695,3.14061777777778,3.140328,3.14328727272727,3.14001666666667,3.14054461538462,3.14067142857143,3.14413066666667,3.143125,3.13992235294118,3.14238,3.14334105263158,3.142422
"292",3.13416,3.14736,3.14288,3.14523,3.138536,3.13977333333333,3.14117714285714,3.144135,3.14005333333333,3.1425,3.14369090909091,3.14332666666667,3.14080923076923,3.13836,3.14089066666667,3.142475,3.14011058823529,3.14155777777778,3.14038736842105,3.141484
"293",3.14184,3.13492,3.13772,3.14033,3.14372,3.14354,3.14234285714286,3.141005,3.14465333333333,3.139564,3.14105818181818,3.14053333333333,3.14069230769231,3.13964,3.143328,3.141015,3.143,3.14093777777778,3.14078315789474,3.140278
"294",3.1332,3.14414,3.13872,3.14431,3.138424,3.14262,3.14154857142857,3.14033,3.14058222222222,3.138176,3.13928727272727,3.13784,3.14166769230769,3.13979714285714,3.14137333333333,3.14265,3.14068470588235,3.14223111111111,3.14129052631579,3.140886
"295",3.147,3.13716,3.14006666666667,3.13925,3.139776,3.1417,3.1438,3.141505,3.13876,3.138076,3.14172,3.14222333333333,3.14217230769231,3.14189142857143,3.140568,3.1404125,3.14288,3.14132,3.14191578947368,3.143652
"296",3.14192,3.1378,3.14009333333333,3.13943,3.143992,3.14051333333333,3.14258285714286,3.13772,3.14427111111111,3.143112,3.14128,3.14154333333333,3.14111692307692,3.14021428571429,3.14100533333333,3.140525,3.14272705882353,3.14181555555556,3.14036421052632,3.143338
"297",3.14896,3.14088,3.1414,3.14981,3.143456,3.1422,3.14429142857143,3.144425,3.14285333333333,3.143404,3.14289090909091,3.14147666666667,3.14284,3.1416,3.141448,3.139385,3.14117411764706,3.14118666666667,3.14230526315789,3.14181
"298",3.13788,3.13956,3.14250666666667,3.13739,3.138184,3.14339333333333,3.14029142857143,3.142135,3.14592444444444,3.14118,3.14255636363636,3.14092,3.14213230769231,3.14146571428571,3.142536,3.1414925,3.14216941176471,3.14099777777778,3.1428,3.14061
"299",3.14964,3.1412,3.14552,3.14031,3.14368,3.14017333333333,3.13889142857143,3.14054,3.14204444444444,3.143872,3.14118545454545,3.14308,3.14025846153846,3.14344,3.14224533333333,3.1428725,3.14108,3.14198888888889,3.14054736842105,3.140426
"300",3.14264,3.14438,3.14144,3.13688,3.144464,3.14423333333333,3.13804,3.144895,3.13991555555556,3.141576,3.14350545454545,3.13964,3.13947384615385,3.14015142857143,3.14245866666667,3.1434125,3.13940705882353,3.13955111111111,3.14346736842105,3.140252
